<pagescount>
	<total_html_pages>4</total_html_pages>
	<html>4</html>
	<img>59</img>
	<js>2</js>
	<css>1</css>
	<pdf>0</pdf>
	<xml>0</xml>
	<txt>0</txt>
	<fonts>18</fonts>
	<is_pretty_url>false</is_pretty_url>
	<is_ebn>false</is_ebn>
	<theme_name>WDO_theme</theme_name>
	<server_url_front_page>https://www.waybackmachinedownloader.com/website-downloader-online/scraping/files/live/technotec.org_southern.resorts_gmail.com_ezv8bf73ina</server_url_front_page>
	<hosted_domain></hosted_domain>
</pagescount>